,Pclass,Survived,Sex,Age,Sibsp,Parch,Fare,Embarked
0,1,1,0,29,0,0,211.3375,2
1,1,1,1,0.9167,1,2,151.55,2
2,1,0,0,2,1,2,151.55,2
3,1,0,1,30,1,2,151.55,2
4,1,0,0,25,1,2,151.55,2
5,1,1,1,48,0,0,26.55,2
6,1,1,0,63,1,0,77.9583,2
7,1,0,1,39,0,0,0,2
8,1,1,0,53,2,0,51.4792,2
9,1,0,1,71,0,0,49.5042,0
10,1,0,1,47,1,0,227.525,0
11,1,1,0,18,1,0,227.525,0
12,1,1,0,24,0,0,69.3,0
13,1,1,0,26,0,0,78.85,2
14,1,1,1,80,0,0,30,2
15,1,0,1,24,0,1,247.5208,0
16,1,1,0,50,0,1,247.5208,0
17,1,1,0,32,0,0,76.2917,0
18,1,0,1,36,0,0,75.2417,0
19,1,1,1,37,1,1,52.5542,2
20,1,1,0,47,1,1,52.5542,2
21,1,1,1,26,0,0,30,0
22,1,1,0,42,0,0,227.525,0
23,1,1,0,29,0,0,221.7792,2
24,1,0,1,25,0,0,26,0
25,1,1,1,25,1,0,91.0792,0
26,1,1,0,19,1,0,91.0792,0
27,1,1,0,35,0,0,135.6333,2
28,1,1,1,28,0,0,26.55,2
29,1,0,1,45,0,0,35.5,2
30,1,1,1,40,0,0,31,0
31,1,1,0,30,0,0,164.8667,2
32,1,1,0,58,0,0,26.55,2
33,1,0,1,42,0,0,26.55,2
34,1,1,0,45,0,0,262.375,0
35,1,1,0,22,0,1,55,2
36,1,0,1,41,0,0,30.5,2
37,1,0,1,48,0,0,50.4958,0
38,1,1,0,44,0,0,27.7208,0
39,1,1,0,59,2,0,51.4792,2
40,1,1,0,60,0,0,76.2917,0
41,1,1,0,41,0,0,134.5,0
42,1,0,1,45,0,0,26.55,2
43,1,1,1,42,0,0,26.2875,2
44,1,1,0,53,0,0,27.4458,0
45,1,1,1,36,0,1,512.3292,0
46,1,1,0,58,0,1,512.3292,0
47,1,0,1,33,0,0,5,2
48,1,0,1,28,0,0,47.1,2
49,1,0,1,17,0,0,47.1,2
50,1,1,1,11,1,2,120,2
51,1,1,0,14,1,2,120,2
52,1,1,1,36,1,2,120,2
53,1,1,0,36,1,2,120,2
54,1,0,1,49,0,0,26,2
55,1,0,1,36,1,0,78.85,2
56,1,1,0,76,1,0,78.85,2
57,1,0,1,46,1,0,61.175,2
58,1,1,0,47,1,0,61.175,2
59,1,1,1,27,1,0,53.1,2
60,1,1,0,33,1,0,53.1,2
61,1,1,0,36,0,0,262.375,0
62,1,1,0,30,0,0,86.5,2
63,1,1,1,45,0,0,29.7,0
64,1,0,1,27,1,0,136.7792,0
65,1,1,0,26,1,0,136.7792,0
66,1,1,0,22,0,0,151.55,2
67,1,0,1,47,0,0,25.5875,2
68,1,1,0,39,1,1,83.1583,0
69,1,0,1,37,1,1,83.1583,0
70,1,1,0,64,0,2,83.1583,0
71,1,1,0,55,2,0,25.7,2
72,1,0,1,70,1,1,71,2
73,1,1,0,36,0,2,71,2
74,1,1,0,64,1,1,26.55,2
75,1,0,1,39,1,0,71.2833,0
76,1,1,0,38,1,0,71.2833,0
77,1,1,1,51,0,0,26.55,2
78,1,1,1,27,0,0,30.5,2
79,1,1,0,33,0,0,151.55,2
80,1,0,1,31,1,0,52,2
81,1,1,0,27,1,2,52,2
82,1,1,1,31,1,0,57,2
83,1,1,0,17,1,0,57,2
84,1,1,1,53,1,1,81.8583,2
85,1,1,1,4,0,2,81.8583,2
86,1,1,0,54,1,1,81.8583,2
87,1,0,1,50,1,0,106.425,0
88,1,1,0,27,1,1,247.5208,0
89,1,1,0,48,1,0,106.425,0
90,1,1,0,48,1,0,39.6,0
91,1,1,1,49,1,0,56.9292,0
92,1,0,1,39,0,0,29.7,0
93,1,1,0,23,0,1,83.1583,0
94,1,1,0,38,0,0,227.525,0
95,1,1,0,54,1,0,78.2667,0
96,1,0,0,36,0,0,31.6792,0
97,1,1,1,36,0,0,26.3875,2
98,1,0,1,30,0,0,27.75,0
99,1,1,0,24,3,2,263,2
100,1,1,0,28,3,2,263,2
101,1,1,0,23,3,2,263,2
102,1,0,1,19,3,2,263,2
103,1,0,1,64,1,4,263,2
104,1,1,0,60,1,4,263,2
105,1,1,0,30,0,0,56.9292,0
106,1,1,1,50,2,0,133.65,2
107,1,1,1,43,1,0,27.7208,0
108,1,1,0,22,0,2,49.5,0
109,1,1,1,60,1,1,79.2,0
110,1,1,0,48,1,1,79.2,0
111,1,0,1,37,1,0,53.1,2
112,1,1,0,35,1,0,53.1,2
113,1,0,1,47,0,0,38.5,2
114,1,1,0,35,0,0,211.5,0
115,1,1,0,22,0,1,59.4,0
116,1,1,0,45,0,1,59.4,0
117,1,0,1,24,0,0,79.2,0
118,1,1,1,49,1,0,89.1042,0
119,1,0,1,71,0,0,34.6542,0
120,1,1,1,53,0,0,28.5,0
121,1,1,0,19,0,0,30,2
122,1,0,1,38,0,1,153.4625,2
123,1,1,0,58,0,1,153.4625,2
124,1,1,1,23,0,1,63.3583,0
125,1,1,0,45,0,1,63.3583,0
126,1,0,1,46,0,0,79.2,0
127,1,1,1,25,1,0,55.4417,0
128,1,1,0,25,1,0,55.4417,0
129,1,1,1,48,1,0,76.7292,0
130,1,1,0,49,1,0,76.7292,0
131,1,0,1,45,1,0,83.475,2
132,1,1,0,35,1,0,83.475,2
133,1,0,1,40,0,0,0,2
134,1,1,1,27,0,0,76.7292,0
135,1,1,0,24,0,0,83.1583,0
136,1,0,1,55,1,1,93.5,2
137,1,1,0,52,1,1,93.5,2
138,1,0,1,42,0,0,42.5,2
139,1,0,1,55,0,0,50,2
140,1,1,0,16,0,1,57.9792,0
141,1,1,0,44,0,1,57.9792,0
142,1,1,0,51,1,0,77.9583,2
143,1,0,1,42,1,0,52,2
144,1,1,0,35,1,0,52,2
145,1,1,1,35,0,0,26.55,0
146,1,1,1,38,1,0,90,2
147,1,1,0,35,1,0,90,2
148,1,0,0,50,0,0,28.7125,0
149,1,1,1,49,0,0,0,2
150,1,0,1,46,0,0,26,2
151,1,0,1,50,0,0,26,2
152,1,0,1,32.5,0,0,211.5,0
153,1,0,1,58,0,0,29.7,0
154,1,0,1,41,1,0,51.8625,2
155,1,1,1,42,1,0,52.5542,2
156,1,1,0,45,1,0,52.5542,2
157,1,1,0,39,0,0,211.3375,2
158,1,1,0,49,0,0,25.9292,2
159,1,1,0,30,0,0,106.425,0
160,1,1,1,35,0,0,512.3292,0
161,1,0,1,42,0,0,26.55,2
162,1,1,0,55,0,0,27.7208,0
163,1,1,0,16,0,1,39.4,2
164,1,1,0,51,0,1,39.4,2
165,1,0,1,29,0,0,30,2
166,1,1,0,21,0,0,77.9583,2
167,1,0,1,30,0,0,45.5,2
168,1,1,0,58,0,0,146.5208,0
169,1,1,0,15,0,1,211.3375,2
170,1,0,1,30,0,0,26,2
171,1,1,0,16,0,0,86.5,2
172,1,0,1,19,1,0,53.1,2
173,1,1,0,18,1,0,53.1,2
174,1,1,0,24,0,0,49.5042,0
175,1,0,1,46,0,0,75.2417,0
176,1,0,1,54,0,0,51.8625,2
177,1,1,1,36,0,0,26.2875,2
178,1,0,1,28,1,0,82.1708,0
179,1,0,1,65,0,0,26.55,2
180,1,0,1,44,2,0,90,1
181,1,1,0,33,1,0,90,1
182,1,1,0,37,1,0,90,1
183,1,1,1,30,1,0,57.75,0
184,1,0,1,55,0,0,30.5,2
185,1,0,1,47,0,0,42.4,2
186,1,0,1,37,0,1,29.7,0
187,1,1,0,31,1,0,113.275,0
188,1,1,0,23,1,0,113.275,0
189,1,0,1,58,0,2,113.275,0
190,1,1,0,19,0,2,26.2833,2
191,1,0,1,64,0,0,26,2
192,1,1,0,39,0,0,108.9,0
193,1,1,0,22,0,1,61.9792,0
194,1,0,1,65,0,1,61.9792,0
195,1,0,1,28.5,0,0,27.7208,0
196,1,0,1,45.5,0,0,28.5,2
197,1,0,1,23,0,0,93.5,2
198,1,0,1,29,1,0,66.6,2
199,1,1,0,22,1,0,66.6,2
200,1,0,1,18,1,0,108.9,0
201,1,1,0,17,1,0,108.9,0
202,1,1,0,30,0,0,93.5,2
203,1,1,1,52,0,0,30.5,2
204,1,0,1,47,0,0,52,2
205,1,1,0,56,0,1,83.1583,0
206,1,0,1,38,0,0,0,2
207,1,0,1,22,0,0,135.6333,0
208,1,1,0,43,0,1,211.3375,2
209,1,0,1,31,0,0,50.4958,2
210,1,1,1,45,0,0,26.55,2
211,1,1,0,33,0,0,27.7208,0
212,1,0,1,46,0,0,79.2,0
213,1,0,1,36,0,0,40.125,0
214,1,1,0,33,0,0,86.5,2
215,1,0,1,55,1,0,59.4,0
216,1,1,0,54,1,0,59.4,0
217,1,0,1,33,0,0,26.55,2
218,1,1,1,13,2,2,262.375,0
219,1,1,0,18,2,2,262.375,0
220,1,1,0,21,2,2,262.375,0
221,1,0,1,61,1,3,262.375,0
222,1,1,0,48,1,3,262.375,0
223,1,1,0,24,0,0,69.3,0
224,1,1,0,35,1,0,57.75,0
225,1,1,0,30,0,0,31,0
226,1,1,1,34,0,0,26.55,2
227,1,1,0,40,0,0,153.4625,2
228,1,1,1,35,0,0,26.2875,2
229,1,0,1,50,1,0,55.9,2
230,1,1,0,39,1,0,55.9,2
231,1,1,1,56,0,0,35.5,0
232,1,1,1,28,0,0,35.5,2
233,1,0,1,56,0,0,26.55,2
234,1,0,1,56,0,0,30.6958,0
235,1,0,1,24,1,0,60,2
236,1,1,0,18,1,0,60,2
237,1,1,1,24,1,0,82.2667,2
238,1,1,0,23,1,0,82.2667,2
239,1,1,1,6,0,2,134.5,0
240,1,1,1,45,1,1,134.5,0
241,1,1,0,40,1,1,134.5,0
242,1,0,1,57,1,0,146.5208,0
243,1,1,1,32,0,0,30.5,0
244,1,0,1,62,0,0,26.55,2
245,1,1,1,54,1,0,55.4417,0
246,1,1,0,43,1,0,55.4417,0
247,1,1,0,52,1,0,78.2667,0
248,1,0,1,67,1,0,221.7792,2
249,1,0,0,63,1,0,221.7792,2
250,1,0,1,61,0,0,32.3208,2
251,1,1,0,48,0,0,25.9292,2
252,1,1,0,18,0,2,79.65,2
253,1,0,1,52,1,1,79.65,2
254,1,1,0,39,1,1,79.65,2
255,1,1,1,48,1,0,52,2
256,1,0,1,49,1,1,110.8833,0
257,1,1,1,17,0,2,110.8833,0
258,1,1,0,39,1,1,110.8833,0
259,1,1,1,31,0,0,28.5375,0
260,1,0,1,40,0,0,27.7208,0
261,1,0,1,61,0,0,33.5,2
262,1,0,1,47,0,0,34.0208,2
263,1,1,0,35,0,0,512.3292,0
264,1,0,1,64,1,0,75.25,0
265,1,1,0,60,1,0,75.25,0
266,1,0,1,60,0,0,26.55,2
267,1,0,1,54,0,1,77.2875,2
268,1,0,1,21,0,1,77.2875,2
269,1,1,0,55,0,0,135.6333,0
270,1,1,0,31,0,2,164.8667,2
271,1,0,1,57,1,1,164.8667,2
272,1,1,0,45,1,1,164.8667,2
273,1,0,1,50,1,1,211.5,0
274,1,0,1,27,0,2,211.5,0
275,1,1,0,50,1,1,211.5,0
276,1,1,0,21,0,0,26.55,2
277,1,0,1,51,0,1,61.3792,0
278,1,1,1,21,0,1,61.3792,0
279,1,1,0,31,0,0,134.5,0
280,1,0,1,62,0,0,26.55,2
281,1,1,0,36,0,0,135.6333,0
282,2,0,1,30,1,0,24,0
283,2,1,0,28,1,0,24,0
284,2,0,1,30,0,0,13,2
285,2,0,1,18,0,0,11.5,2
286,2,0,1,25,0,0,10.5,2
287,2,0,1,34,1,0,26,2
288,2,1,0,36,1,0,26,2
289,2,0,1,57,0,0,13,2
290,2,0,1,18,0,0,11.5,2
291,2,0,1,23,0,0,10.5,2
292,2,1,0,36,0,0,13,2
293,2,0,1,28,0,0,10.5,2
294,2,0,1,51,0,0,12.525,2
295,2,1,1,32,1,0,26,2
296,2,1,0,19,1,0,26,2
297,2,0,1,28,0,0,26,2
298,2,1,1,1,2,1,39,2
299,2,1,0,4,2,1,39,2
300,2,1,0,12,2,1,39,2
301,2,1,0,36,0,3,39,2
302,2,1,1,34,0,0,13,2
303,2,1,0,19,0,0,13,2
304,2,0,1,23,0,0,13,2
305,2,0,1,26,0,0,13,2
306,2,0,1,42,0,0,13,2
307,2,0,1,27,0,0,13,2
308,2,1,0,24,0,0,13,2
309,2,1,0,15,0,2,39,2
310,2,0,1,60,1,1,39,2
311,2,1,0,40,1,1,39,2
312,2,1,0,20,1,0,26,2
313,2,0,1,25,1,0,26,2
314,2,1,0,36,0,0,13,2
315,2,0,1,25,0,0,13,2
316,2,0,1,42,0,0,13,2
317,2,1,0,42,0,0,13,2
318,2,1,1,0.8333,0,2,29,2
319,2,1,1,26,1,1,29,2
320,2,1,0,22,1,1,29,2
321,2,1,0,35,0,0,21,2
322,2,0,1,19,0,0,13,2
323,2,0,0,44,1,0,26,2
324,2,0,1,54,1,0,26,2
325,2,0,1,52,0,0,13.5,2
326,2,0,1,37,1,0,26,2
327,2,0,0,29,1,0,26,2
328,2,1,0,25,1,1,30,2
329,2,1,0,45,0,2,30,2
330,2,0,1,29,1,0,26,2
331,2,1,0,28,1,0,26,2
332,2,0,1,29,0,0,10.5,2
333,2,0,1,28,0,0,13,2
334,2,1,1,24,0,0,10.5,2
335,2,1,0,8,0,2,26.25,2
336,2,0,1,31,1,1,26.25,2
337,2,1,0,31,1,1,26.25,2
338,2,1,0,22,0,0,10.5,2
339,2,0,0,30,0,0,13,2
340,2,0,1,21,0,0,11.5,2
341,2,1,1,8,1,1,36.75,2
342,2,0,1,18,0,0,73.5,2
343,2,1,0,48,0,2,36.75,2
344,2,1,0,28,0,0,13,2
345,2,0,1,32,0,0,13,2
346,2,0,1,17,0,0,73.5,2
347,2,0,1,29,1,0,27.7208,0
348,2,1,0,24,1,0,27.7208,0
349,2,0,1,25,0,0,31.5,2
350,2,0,1,18,0,0,73.5,2
351,2,1,0,18,0,1,23,2
352,2,1,0,34,0,1,23,2
353,2,0,1,54,0,0,26,2
354,2,1,1,8,0,2,32.5,2
355,2,0,1,42,1,1,32.5,2
356,2,1,0,34,1,1,32.5,2
357,2,1,0,27,1,0,13.8583,0
358,2,1,0,30,1,0,13.8583,0
359,2,0,1,23,0,0,13,2
360,2,0,1,21,0,0,13,2
361,2,0,1,18,0,0,13,2
362,2,0,1,40,1,0,26,2
363,2,1,0,29,1,0,26,2
364,2,0,1,18,0,0,10.5,2
365,2,0,1,36,0,0,13,2
366,2,0,0,38,0,0,13,2
367,2,0,1,35,0,0,26,2
368,2,0,1,38,1,0,21,2
369,2,0,1,34,1,0,21,2
370,2,1,0,34,0,0,13,2
371,2,0,1,16,0,0,26,2
372,2,0,1,26,0,0,10.5,2
373,2,0,1,47,0,0,10.5,2
374,2,0,1,21,1,0,11.5,2
375,2,0,1,21,1,0,11.5,2
376,2,0,1,24,0,0,13.5,2
377,2,0,1,24,0,0,13,2
378,2,0,1,34,0,0,13,2
379,2,0,1,30,0,0,13,2
380,2,0,1,52,0,0,13,2
381,2,0,1,30,0,0,13,2
382,2,1,1,0.6667,1,1,14.5,2
383,2,1,0,24,0,2,14.5,2
384,2,0,1,44,0,0,13,2
385,2,1,0,6,0,1,33,2
386,2,0,1,28,0,1,33,2
387,2,1,1,62,0,0,10.5,2
388,2,0,1,30,0,0,10.5,2
389,2,1,0,7,0,2,26.25,2
390,2,0,1,43,1,1,26.25,2
391,2,1,0,45,1,1,26.25,2
392,2,1,0,24,1,2,65,2
393,2,1,0,24,1,2,65,2
394,2,0,1,49,1,2,65,2
395,2,1,0,48,1,2,65,2
396,2,1,0,55,0,0,16,2
397,2,0,1,24,2,0,73.5,2
398,2,0,1,32,2,0,73.5,2
399,2,0,1,21,2,0,73.5,2
400,2,0,0,18,1,1,13,2
401,2,1,0,20,2,1,23,2
402,2,0,1,23,2,1,11.5,2
403,2,0,1,36,0,0,13,2
404,2,1,0,54,1,3,23,2
405,2,0,1,50,0,0,13,2
406,2,0,1,44,1,0,26,2
407,2,1,0,29,1,0,26,2
408,2,0,1,21,0,0,73.5,2
409,2,1,1,42,0,0,13,2
410,2,0,1,63,1,0,26,2
411,2,0,0,60,1,0,26,2
412,2,0,1,33,0,0,12.275,2
413,2,1,0,17,0,0,10.5,2
414,2,0,1,42,1,0,27,2
415,2,1,0,24,2,1,27,2
416,2,0,1,47,0,0,15,2
417,2,0,1,24,2,0,31.5,2
418,2,0,1,22,2,0,31.5,2
419,2,0,1,32,0,0,10.5,2
420,2,1,0,23,0,0,13.7917,0
421,2,0,1,34,1,0,26,2
422,2,1,0,24,1,0,26,2
423,2,0,0,22,0,0,21,2
424,2,0,1,35,0,0,12.35,1
425,2,1,0,45,0,0,13.5,2
426,2,0,1,57,0,0,12.35,1
427,2,0,1,31,0,0,10.5,2
428,2,0,0,26,1,1,26,2
429,2,0,1,30,1,1,26,2
430,2,1,0,1,1,2,41.5792,0
431,2,1,0,3,1,2,41.5792,0
432,2,0,1,25,1,2,41.5792,0
433,2,1,0,22,1,2,41.5792,0
434,2,1,0,17,0,0,12,0
435,2,1,0,34,0,0,10.5,2
436,2,0,1,36,0,0,12.875,0
437,2,0,1,24,0,0,10.5,2
438,2,0,1,61,0,0,12.35,1
439,2,0,1,50,1,0,26,2
440,2,1,0,42,1,0,26,2
441,2,0,0,57,0,0,10.5,2
442,2,1,1,1,0,2,37.0042,0
443,2,0,1,31,1,1,37.0042,0
444,2,1,0,24,1,1,37.0042,0
445,2,0,1,30,0,0,13,2
446,2,0,1,40,0,0,16,2
447,2,0,1,32,0,0,13.5,2
448,2,0,1,30,0,0,13,2
449,2,0,1,46,0,0,26,2
450,2,1,0,13,0,1,19.5,2
451,2,1,0,41,0,1,19.5,2
452,2,1,1,19,0,0,10.5,2
453,2,0,1,39,0,0,13,2
454,2,0,1,48,0,0,13,2
455,2,0,1,70,0,0,10.5,2
456,2,0,1,27,0,0,13,2
457,2,0,1,54,0,0,14,2
458,2,0,1,39,0,0,26,2
459,2,0,1,16,0,0,10.5,2
460,2,0,1,62,0,0,9.6875,1
461,2,0,1,32.5,1,0,30.0708,0
462,2,1,0,14,1,0,30.0708,0
463,2,1,1,2,1,1,26,2
464,2,1,1,3,1,1,26,2
465,2,0,1,36.5,0,2,26,2
466,2,0,1,26,0,0,13,2
467,2,0,1,19,1,1,36.75,2
468,2,0,1,28,0,0,13.5,2
469,2,1,1,20,0,0,13.8625,0
470,2,1,0,29,0,0,10.5,2
471,2,0,1,39,0,0,13,2
472,2,1,1,22,0,0,10.5,2
473,2,0,1,23,0,0,10.5,2
474,2,1,1,29,0,0,13.8583,0
475,2,0,1,28,0,0,10.5,2
476,2,1,0,50,0,1,26,2
477,2,0,1,19,0,0,10.5,2
478,2,0,1,41,0,0,13,2
479,2,1,0,21,0,1,21,2
480,2,1,0,19,0,0,26,2
481,2,0,1,43,0,1,21,2
482,2,1,0,32,0,0,13,2
483,2,0,1,34,0,0,13,2
484,2,1,1,30,0,0,12.7375,0
485,2,0,1,27,0,0,15.0333,0
486,2,1,0,2,1,1,26,2
487,2,1,0,8,1,1,26,2
488,2,1,0,33,0,2,26,2
489,2,0,1,36,0,0,10.5,2
490,2,0,1,34,1,0,21,2
491,2,1,0,30,3,0,21,2
492,2,1,0,28,0,0,13,2
493,2,0,1,23,0,0,15.0458,0
494,2,1,1,0.8333,1,1,18.75,2
495,2,1,1,3,1,1,18.75,2
496,2,1,0,24,2,3,18.75,2
497,2,1,0,50,0,0,10.5,2
498,2,0,1,19,0,0,10.5,2
499,2,1,0,21,0,0,10.5,2
500,2,0,1,26,0,0,13,2
501,2,0,1,25,0,0,13,2
502,2,0,1,27,0,0,26,2
503,2,1,0,25,0,1,26,2
504,2,1,0,18,0,2,13,2
505,2,1,0,20,0,0,36.75,2
506,2,1,0,30,0,0,13,2
507,2,0,1,59,0,0,13.5,2
508,2,1,0,30,0,0,12.35,1
509,2,0,1,35,0,0,10.5,2
510,2,1,0,40,0,0,13,2
511,2,0,1,25,0,0,13,2
512,2,0,1,41,0,0,15.0458,0
513,2,0,1,25,0,0,10.5,2
514,2,0,1,18.5,0,0,13,2
515,2,0,1,14,0,0,65,2
516,2,1,0,50,0,0,10.5,2
517,2,0,1,23,0,0,13,2
518,2,1,0,28,0,0,12.65,2
519,2,1,0,27,0,0,10.5,2
520,2,0,1,29,1,0,21,2
521,2,0,0,27,1,0,21,2
522,2,0,1,40,0,0,13,2
523,2,1,0,31,0,0,21,2
524,2,0,1,30,1,0,21,2
525,2,0,1,23,1,0,10.5,2
526,2,1,0,31,0,0,21,2
527,2,1,0,12,0,0,15.75,2
528,2,1,0,40,0,0,15.75,2
529,2,1,0,32.5,0,0,13,2
530,2,0,1,27,1,0,26,2
531,2,1,0,29,1,0,26,2
532,2,1,1,2,1,1,23,2
533,2,1,0,4,1,1,23,2
534,2,1,0,29,0,2,23,2
535,2,1,0,0.9167,1,2,27.75,2
536,2,1,0,5,1,2,27.75,2
537,2,0,1,36,1,2,27.75,2
538,2,1,0,33,1,2,27.75,2
539,2,0,1,66,0,0,10.5,2
540,2,1,1,31,0,0,13,2
541,2,1,0,26,0,0,13.5,2
542,2,0,0,24,0,0,13,2
543,3,0,1,42,0,0,7.55,2
544,3,0,1,13,0,2,20.25,2
545,3,0,1,16,1,1,20.25,2
546,3,1,0,35,1,1,20.25,2
547,3,1,0,16,0,0,7.65,2
548,3,1,1,25,0,0,7.65,2
549,3,1,1,20,0,0,7.925,2
550,3,1,0,18,0,0,7.2292,0
551,3,0,1,30,0,0,7.25,2
552,3,0,1,26,0,0,8.05,2
553,3,0,0,40,1,0,9.475,2
554,3,1,1,0.8333,0,1,9.35,2
555,3,1,0,18,0,1,9.35,2
556,3,1,1,26,0,0,18.7875,0
557,3,0,1,26,0,0,7.8875,2
558,3,0,1,20,0,0,7.925,2
559,3,0,1,24,0,0,7.05,2
560,3,0,1,25,0,0,7.05,2
561,3,0,1,35,0,0,8.05,2
562,3,0,1,18,0,0,8.3,2
563,3,0,1,32,0,0,22.525,2
564,3,1,0,19,1,0,7.8542,2
565,3,0,1,4,4,2,31.275,2
566,3,0,0,6,4,2,31.275,2
567,3,0,0,2,4,2,31.275,2
568,3,1,0,17,4,2,7.925,2
569,3,0,0,38,4,2,7.775,2
570,3,0,0,9,4,2,31.275,2
571,3,0,0,11,4,2,31.275,2
572,3,0,1,39,1,5,31.275,2
573,3,1,1,27,0,0,7.7958,2
574,3,0,1,26,0,0,7.775,2
575,3,0,0,39,1,5,31.275,2
576,3,0,1,20,0,0,7.8542,2
577,3,0,1,26,0,0,7.8958,2
578,3,0,1,25,1,0,17.8,2
579,3,0,0,18,1,0,17.8,2
580,3,0,1,24,0,0,7.775,2
581,3,0,1,35,0,0,7.05,2
582,3,0,1,5,4,2,31.3875,2
583,3,0,1,9,4,2,31.3875,2
584,3,1,1,3,4,2,31.3875,2
585,3,0,1,13,4,2,31.3875,2
586,3,1,0,5,4,2,31.3875,2
587,3,0,1,40,1,5,31.3875,2
588,3,1,1,23,0,0,7.7958,2
589,3,1,0,38,1,5,31.3875,2
590,3,1,0,45,0,0,7.225,0
591,3,0,1,21,0,0,7.225,0
592,3,0,1,23,0,0,7.05,2
593,3,0,0,17,0,0,14.4583,0
594,3,0,1,30,0,0,7.225,0
595,3,0,1,23,0,0,7.8542,2
596,3,1,0,13,0,0,7.2292,0
597,3,0,1,20,0,0,7.225,0
598,3,0,1,32,1,0,15.85,2
599,3,1,0,33,3,0,15.85,2
600,3,1,0,0.75,2,1,19.2583,0
601,3,1,0,0.75,2,1,19.2583,0
602,3,1,0,5,2,1,19.2583,0
603,3,1,0,24,0,3,19.2583,0
604,3,1,0,18,0,0,8.05,2
605,3,0,1,40,0,0,7.225,0
606,3,0,1,26,0,0,7.8958,2
607,3,1,1,20,0,0,7.2292,0
608,3,0,0,18,0,1,14.4542,0
609,3,0,0,45,0,1,14.4542,0
610,3,0,0,27,0,0,7.8792,1
611,3,0,1,22,0,0,8.05,2
612,3,0,1,19,0,0,8.05,2
613,3,0,1,26,0,0,7.775,2
614,3,0,1,22,0,0,9.35,2
615,3,0,1,20,0,0,4.0125,0
616,3,1,1,32,0,0,56.4958,2
617,3,0,1,21,0,0,7.775,2
618,3,0,1,18,0,0,7.75,2
619,3,0,1,26,0,0,7.8958,2
620,3,0,1,6,1,1,15.2458,0
621,3,0,0,9,1,1,15.2458,0
622,3,0,1,40,1,1,15.5,1
623,3,0,0,32,1,1,15.5,1
624,3,0,1,21,0,0,16.1,2
625,3,1,0,22,0,0,7.725,1
626,3,0,0,20,0,0,7.8542,2
627,3,0,1,29,1,0,7.0458,2
628,3,0,1,22,1,0,7.25,2
629,3,0,1,22,0,0,7.7958,2
630,3,0,1,35,0,0,8.05,2
631,3,0,0,18.5,0,0,7.2833,1
632,3,1,1,21,0,0,7.8208,1
633,3,0,1,19,0,0,6.75,1
634,3,0,0,18,0,0,7.8792,1
635,3,0,0,21,0,0,8.6625,2
636,3,0,0,30,0,0,8.6625,2
637,3,0,1,18,0,0,8.6625,2
638,3,0,1,38,0,0,8.6625,2
639,3,0,1,17,0,0,8.6625,2
640,3,0,1,17,0,0,8.6625,2
641,3,0,0,21,0,0,7.75,1
642,3,0,1,21,0,0,7.75,1
643,3,0,1,21,0,0,8.05,2
644,3,0,1,28,0,0,7.7958,2
645,3,0,1,24,0,0,7.8542,2
646,3,1,0,16,0,0,7.75,1
647,3,0,0,37,0,0,7.75,1
648,3,0,1,28,0,0,7.25,2
649,3,0,1,24,0,0,8.05,2
650,3,0,1,21,0,0,7.7333,1
651,3,1,1,32,0,0,56.4958,2
652,3,0,1,29,0,0,8.05,2
653,3,0,1,26,1,0,14.4542,0
654,3,0,1,18,1,0,14.4542,0
655,3,0,1,20,0,0,7.05,2
656,3,1,1,18,0,0,8.05,2
657,3,0,1,24,0,0,7.25,1
658,3,0,1,36,0,0,7.4958,2
659,3,0,1,24,0,0,7.4958,2
660,3,0,1,31,0,0,7.7333,1
661,3,0,1,31,0,0,7.75,1
662,3,1,0,22,0,0,7.75,1
663,3,0,0,30,0,0,7.6292,1
664,3,0,1,70.5,0,0,7.75,1
665,3,0,1,43,0,0,8.05,2
666,3,0,1,35,0,0,7.8958,2
667,3,0,1,27,0,0,7.8958,2
668,3,0,1,19,0,0,7.8958,2
669,3,0,1,30,0,0,8.05,2
670,3,1,1,9,1,1,15.9,2
671,3,1,1,3,1,1,15.9,2
672,3,1,0,36,0,2,15.9,2
673,3,0,1,59,0,0,7.25,2
674,3,0,1,19,0,0,8.1583,2
675,3,1,0,17,0,1,16.1,2
676,3,0,1,44,0,1,16.1,2
677,3,0,1,17,0,0,8.6625,2
678,3,0,1,22.5,0,0,7.225,0
679,3,1,1,45,0,0,8.05,2
680,3,0,0,22,0,0,10.5167,2
681,3,0,1,19,0,0,10.1708,2
682,3,1,0,30,0,0,6.95,1
683,3,1,1,29,0,0,7.75,1
684,3,0,1,0.3333,0,2,14.4,2
685,3,0,1,34,1,1,14.4,2
686,3,0,0,28,1,1,14.4,2
687,3,0,1,27,0,0,7.8958,2
688,3,0,1,25,0,0,7.8958,2
689,3,0,1,24,2,0,24.15,2
690,3,0,1,22,0,0,8.05,2
691,3,0,1,21,2,0,24.15,2
692,3,0,1,17,2,0,8.05,2
693,3,1,1,36.5,1,0,17.4,2
694,3,1,0,36,1,0,17.4,2
695,3,1,1,30,0,0,9.5,2
696,3,0,1,16,0,0,9.5,2
697,3,1,1,1,1,2,20.575,2
698,3,1,0,0.1667,1,2,20.575,2
699,3,0,1,26,1,2,20.575,2
700,3,1,0,33,1,2,20.575,2
701,3,0,1,25,0,0,7.8958,2
702,3,0,1,22,0,0,7.25,2
703,3,0,1,36,0,0,7.25,2
704,3,1,0,19,0,0,7.8792,1
705,3,0,1,17,0,0,7.8958,2
706,3,0,1,42,0,0,8.6625,2
707,3,0,1,43,0,0,7.8958,2
708,3,0,1,32,0,0,7.75,1
709,3,1,1,19,0,0,8.05,2
710,3,1,0,30,0,0,12.475,2
711,3,0,0,24,0,0,7.75,1
712,3,1,0,23,0,0,8.05,2
713,3,0,1,33,0,0,7.8958,0
714,3,0,1,65,0,0,7.75,1
715,3,1,1,24,0,0,7.55,2
716,3,0,1,23,1,0,13.9,2
717,3,1,0,22,1,0,13.9,2
718,3,0,1,18,0,0,7.775,2
719,3,0,1,16,0,0,7.775,2
720,3,0,1,45,0,0,6.975,2
721,3,0,1,39,0,2,7.2292,0
722,3,0,1,17,1,1,7.2292,0
723,3,0,1,15,1,1,7.2292,0
724,3,0,1,47,0,0,7.25,2
725,3,1,0,5,0,0,12.475,2
726,3,0,1,40.5,0,0,15.1,2
727,3,0,1,40.5,0,0,7.75,1
728,3,0,1,18,0,0,7.7958,2
729,3,0,1,26,0,0,7.8792,1
730,3,0,0,21,2,2,34.375,2
731,3,0,0,9,2,2,34.375,2
732,3,0,1,18,2,2,34.375,2
733,3,0,1,16,1,3,34.375,2
734,3,0,0,48,1,3,34.375,2
735,3,0,1,25,0,0,7.7417,1
736,3,0,1,22,0,0,8.05,2
737,3,1,0,16,0,0,7.7333,1
738,3,1,1,9,0,2,20.525,2
739,3,0,1,33,1,1,20.525,2
740,3,0,1,41,0,0,7.85,2
741,3,1,0,31,1,1,20.525,2
742,3,0,1,38,0,0,7.05,2
743,3,0,1,9,5,2,46.9,2
744,3,0,1,1,5,2,46.9,2
745,3,0,1,11,5,2,46.9,2
746,3,0,0,10,5,2,46.9,2
747,3,0,0,16,5,2,46.9,2
748,3,0,1,14,5,2,46.9,2
749,3,0,1,40,1,6,46.9,2
750,3,0,0,43,1,6,46.9,2
751,3,0,1,51,0,0,8.05,2
752,3,0,1,32,0,0,8.3625,2
753,3,0,1,20,0,0,9.8458,2
754,3,0,1,37,2,0,7.925,2
755,3,0,1,28,2,0,7.925,2
756,3,0,1,19,0,0,7.775,2
757,3,0,0,24,0,0,8.85,2
758,3,0,0,17,0,0,7.7333,1
759,3,0,1,28,1,0,15.85,2
760,3,1,0,24,1,0,15.85,2
761,3,0,1,20,0,0,9.5,2
762,3,0,1,23.5,0,0,7.2292,0
763,3,0,1,41,2,0,14.1083,2
764,3,0,1,26,1,0,7.8542,2
765,3,0,1,21,0,0,7.8542,2
766,3,1,0,45,1,0,14.1083,2
767,3,0,1,25,0,0,7.25,2
768,3,0,1,11,0,0,18.7875,0
769,3,1,1,27,0,0,6.975,2
770,3,0,0,18,0,0,6.75,1
771,3,1,0,26,0,0,7.925,2
772,3,0,0,23,0,0,7.925,2
773,3,1,0,22,0,0,8.9625,2
774,3,0,1,28,0,0,7.8958,2
775,3,0,0,28,0,0,7.775,2
776,3,1,0,2,0,1,12.2875,2
777,3,1,0,22,1,1,12.2875,2
778,3,0,1,43,0,0,6.45,2
779,3,0,1,28,0,0,22.525,2
780,3,1,0,27,0,0,7.925,2
781,3,0,1,42,0,0,7.65,2
782,3,0,1,30,0,0,7.2292,0
783,3,0,0,27,1,0,7.925,2
784,3,0,0,25,1,0,7.925,2
785,3,1,1,29,0,0,7.8958,0
786,3,1,1,21,0,0,7.7958,2
787,3,0,1,20,0,0,7.8542,2
788,3,0,1,48,0,0,7.8542,2
789,3,0,1,17,1,0,7.0542,2
790,3,0,1,34,0,0,6.4958,2
791,3,1,1,26,0,0,7.775,2
792,3,0,1,22,0,0,7.7958,2
793,3,0,1,33,0,0,8.6542,2
794,3,0,1,31,0,0,7.775,2
795,3,0,1,29,0,0,7.8542,2
796,3,1,1,4,1,1,11.1333,2
797,3,1,0,1,1,1,11.1333,2
798,3,0,1,49,0,0,0,2
799,3,0,1,33,0,0,7.775,2
800,3,0,1,19,0,0,0,2
801,3,1,0,27,0,2,11.1333,2
802,3,0,1,23,0,0,7.8958,2
803,3,1,1,32,0,0,7.8542,2
804,3,0,1,27,0,0,7.8542,2
805,3,0,0,20,1,0,9.825,2
806,3,0,0,21,1,0,9.825,2
807,3,1,1,32,0,0,7.925,2
808,3,0,1,17,0,0,7.125,2
809,3,0,1,21,0,0,8.4333,2
810,3,0,1,30,0,0,7.8958,2
811,3,1,1,21,0,0,7.7958,2
812,3,0,1,33,0,0,7.8542,2
813,3,0,1,22,0,0,7.5208,2
814,3,1,0,4,0,1,13.4167,0
815,3,1,1,39,0,1,13.4167,0
816,3,0,1,18.5,0,0,7.2292,0
817,3,0,1,34.5,0,0,7.8292,1
818,3,0,1,44,0,0,8.05,2
819,3,0,0,22,2,0,8.6625,2
820,3,0,1,26,2,0,8.6625,2
821,3,1,0,4,0,2,22.025,2
822,3,1,1,29,3,1,22.025,2
823,3,1,0,26,1,1,22.025,2
824,3,0,0,1,1,1,12.1833,2
825,3,0,1,18,1,1,7.8542,2
826,3,0,0,36,0,2,12.1833,2
827,3,1,1,25,0,0,7.2292,0
828,3,0,0,37,0,0,9.5875,2
829,3,1,0,22,0,0,7.25,2
830,3,1,1,26,0,0,56.4958,2
831,3,0,1,29,0,0,9.4833,2
832,3,0,1,29,0,0,7.775,2
833,3,0,1,22,0,0,7.775,2
834,3,1,1,22,0,0,7.225,0
835,3,0,1,32,0,0,7.925,2
836,3,0,1,34.5,0,0,6.4375,0
837,3,0,1,36,0,0,0,2
838,3,0,1,39,0,0,24.15,2
839,3,0,1,24,0,0,9.5,2
840,3,0,0,25,0,0,7.775,2
841,3,0,0,45,0,0,7.75,2
842,3,0,1,36,1,0,15.55,2
843,3,0,0,30,1,0,15.55,2
844,3,1,1,20,1,0,7.925,2
845,3,0,1,28,0,0,56.4958,2
846,3,0,1,30,1,0,16.1,2
847,3,0,0,26,1,0,16.1,2
848,3,0,1,20.5,0,0,7.25,2
849,3,1,1,27,0,0,8.6625,2
850,3,0,1,51,0,0,7.0542,2
851,3,1,0,23,0,0,7.8542,2
852,3,1,1,32,0,0,7.5792,2
853,3,1,1,24,0,0,7.1417,2
854,3,0,1,22,0,0,7.125,2
855,3,0,1,29,0,0,7.925,2
856,3,0,0,30.5,0,0,7.75,1
857,3,0,1,35,0,0,7.8958,0
858,3,0,1,33,0,0,7.8958,2
859,3,1,0,15,0,0,8.0292,1
860,3,0,0,35,0,0,7.75,1
861,3,0,1,24,1,0,16.1,2
862,3,0,0,19,1,0,16.1,2
863,3,0,1,55.5,0,0,8.05,2
864,3,1,1,21,0,0,7.775,2
865,3,0,1,24,0,0,7.8958,2
866,3,0,1,21,0,0,7.8958,2
867,3,0,1,28,0,0,7.8958,2
868,3,0,1,25,0,0,7.65,2
869,3,1,1,6,0,1,12.475,2
870,3,1,0,27,0,1,12.475,2
871,3,0,1,34,0,0,8.05,2
872,3,1,0,24,0,0,7.75,1
873,3,0,1,18,0,0,7.75,2
874,3,0,1,22,0,0,7.8958,2
875,3,1,0,15,0,0,7.225,0
876,3,1,0,1,0,2,15.7417,0
877,3,1,1,20,1,1,15.7417,0
878,3,1,0,19,1,1,15.7417,0
879,3,0,1,33,0,0,8.05,2
880,3,1,1,12,1,0,11.2417,0
881,3,1,0,14,1,0,11.2417,0
882,3,0,0,29,0,0,7.925,2
883,3,0,1,28,0,0,8.05,2
884,3,1,0,18,0,0,7.775,2
885,3,1,0,26,0,0,7.8542,2
886,3,0,1,21,0,0,7.8542,2
887,3,0,1,41,0,0,7.125,2
888,3,1,1,39,0,0,7.925,2
889,3,0,1,21,0,0,7.8,2
890,3,0,1,28.5,0,0,7.2292,0
891,3,1,0,22,0,0,7.75,2
